last_name, first_name,player_id,attempts,avg_hit_angle,anglesweetspotpercent,max_hit_speed,avg_hit_speed,fbld,gb,max_distance,avg_distance,avg_hr_distance,ev95plus,ev95percent,barrels,brl_percent,brl_pa
Semien, Marcus,543760,431,19.2,36.2,107.9,88.1,91.1,84.8,422,191,388,157,36.4,25,5.8,4.4
Arraez, Luis,650333,429,10.8,43.6,103.2,87.9,89.9,85.9,409,161,377,105,24.5,12,2.8,2.4
Kwan, Steven,680757,429,11.1,38,105.2,85.8,87.5,85,407,149,386,86,20,6,1.4,1.1
Acuña Jr., Ronald,660670,414,7.3,33.3,116.7,95,98,92.8,470,158,424,232,56.2,59,14.3,10.6
Ramírez, José,608070,401,18.7,36.9,111.6,89.7,92.2,89.4,426,183,401,159,39.7,29,7.2,5.7
Hoerner, Nico,663538,399,10.6,35.1,109.2,86.9,88.9,87,404,150,380,134,33.6,10,2.5,2
Bregman, Alex,608324,396,18.8,36.9,107.5,88.2,91.7,86.8,413,188,383,144,36.4,21,5.3,3.9
Witt Jr., Bobby,677951,396,15.6,34.8,113.8,90.5,94.4,87.9,442,182,413,175,44.2,45,11.4,8.6
McNeil, Jeff,643446,395,13.2,32.4,109,86.3,90.1,84.6,400,154,374,114,28.9,5,1.3,1
Freeman, Freddie,518692,391,16.2,47.1,110.6,90.1,93.2,85.2,442,195,398,162,41.4,47,12,8.5
Torres, Gleyber,650402,390,15.7,37.4,112.4,89.4,93.2,85,443,177,392,150,38.5,32,8.2,6.3
Albies, Ozzie,645277,381,17,36.5,110.7,88.8,92.2,85.2,425,189,389,146,38.3,34,8.9,6.7
Tucker, Kyle,663656,381,13.3,34.4,110.1,90.6,94.2,87.5,447,183,397,187,49.1,38,10,7.4
Guerrero Jr., Vladimir,665489,380,9.3,33.2,116.7,93.3,96.3,92.3,450,160,401,204,53.7,46,12.1,8.9
Franco, Wander,677551,377,8.9,35,111,89.4,93.8,85.9,448,155,397,162,43,29,7.7,5.9
Arenado, Nolan,571448,374,17.6,34.2,110.3,89.5,93.7,86.1,429,173,393,154,41.2,32,8.6,6.5
Stott, Bryson,681082,373,10.4,37.3,108,88.3,91.2,86.5,418,158,382,134,35.9,16,4.3,3.3
Springer, George,543807,373,11.3,31.4,115.9,88.2,92.7,85.8,440,156,402,149,39.9,30,8,5.8
Turner, Trea,607208,371,13.3,36.4,109.6,89.8,92.8,87.2,424,175,398,150,40.4,24,6.5,4.5
Rutschman, Adley,668939,370,12.1,37.3,111.1,87.8,92.2,83.4,461,168,401,139,37.6,26,7,5
Meneses, Joey,608841,368,9.3,32.1,110.8,89.1,93.3,87.3,428,148,394,153,41.6,21,5.7,4.2
Betts, Mookie,605141,367,19.9,40.9,110.1,92.5,96.1,87,436,214,396,181,49.3,48,13.1,9.1
Marte, Ketel,606466,364,11.6,31,113.7,90.6,93.4,89.7,435,162,396,152,41.8,30,8.2,6
Bichette, Bo,666182,363,5.5,41.3,113.4,90.5,93.3,88,460,160,401,162,44.6,34,9.4,7.2
Riley, Austin,663586,362,14,35.6,116.1,92.3,96.7,88.5,473,179,412,178,49.4,46,12.7,8.6
Rodríguez, Julio,677594,362,8,33.1,116.7,93.1,96.1,91.2,454,156,395,189,52.2,39,10.8,7.2
Bogaerts, Xander,593428,360,7.4,29.4,110.4,87.6,92.5,84.7,455,149,402,126,35,23,6.4,4.6
France, Ty,664034,359,13.4,36.8,112.7,87,91,84.7,437,157,397,133,37,24,6.7,4.8
Benintendi, Andrew,643217,359,13.5,40.7,109.1,86.5,88.6,84.4,402,169,395,92,25.6,10,2.8,2.1
Yoshida, Masataka,807799,358,3.2,27.4,112.3,89.1,93,87.4,447,132,392,149,41.6,21,5.9,4.7
Rosario, Amed,642708,356,8.5,34.3,110.5,88.2,92.2,87.1,408,151,378,143,40.2,12,3.4,2.6
Lowe, Nathaniel,663993,355,7.5,36.6,111.2,89.8,93.3,87.3,430,157,399,141,39.7,25,7,4.6
Goldschmidt, Paul,502671,352,12.5,34.4,111.7,91.4,95.8,87.3,444,171,406,179,50.9,42,11.9,7.9
Merrifield, Whit,593160,351,13.2,39,104.6,85.2,88.9,81,406,167,385,89,25.4,10,2.8,2.2
Ruiz, Keibert,660688,351,15.2,39.3,110.1,87.6,91.6,86.2,431,168,389,115,32.8,24,6.8,5.7
Walker, Christian,572233,349,17.3,33.5,114.3,88.9,92.4,86.5,459,180,404,147,42.1,41,11.7,8.2
Verdugo, Alex,657077,349,8,36.1,112.4,89.1,92.3,87.2,419,161,392,128,36.7,18,5.2,3.9
Yelich, Christian,592885,348,4.5,31,113.5,92.4,96.5,90.5,439,143,395,181,52,31,8.9,6
Thomas, Lane,657041,348,12,35.3,109.3,88.3,93.7,84.2,434,164,402,139,39.9,29,8.3,5.6
Cronenworth, Jake,630105,346,15,35.5,108.4,87.3,91.1,83.5,414,173,389,114,32.9,16,4.6,3.2
Lindor, Francisco,596019,346,19.1,38.7,111,91.8,95.1,89.3,439,195,402,158,45.7,38,11,7.4
Turner, Justin,457759,345,15.6,35.9,108.2,89.8,93.1,86.5,447,189,389,136,39.4,21,6.1,4.5
Devers, Rafael,646240,342,12.2,29.8,115,92.5,96.7,89.7,453,172,401,178,52,44,12.9,9.1
Castellanos, Nick,592206,341,12.6,35.5,111.2,89,93.6,84.4,444,172,395,149,43.7,36,10.6,7.1
Smith, Dominic,642086,340,10.7,36.2,108.3,85.7,90.7,81.1,444,159,403,99,29.1,16,4.7,3.5
Steer, Spencer,668715,340,16.8,36.5,110.6,89.1,92.8,86.7,441,182,400,130,38.2,21,6.2,4.2
Bohm, Alec,664761,338,10.7,35.2,109.3,89.4,91.7,88.7,440,164,406,144,42.6,19,5.6,4.3
Santana, Carlos,467793,338,12.5,33.4,111.7,89,92.5,88.2,442,154,394,122,36.1,21,6.2,4.5
Gurriel Jr., Lourdes,666971,338,10,31.4,108.9,89.5,94.4,85.9,425,163,396,155,45.9,29,8.6,6.6
Nimmo, Brandon,607043,338,11.4,33.4,111.9,91.7,94.8,90.3,445,166,408,159,47,30,8.9,5.8
Machado, Manny,592518,337,15.1,28.2,114.5,91,94.2,89.4,443,169,400,153,45.4,32,9.5,7
Giménez, Andrés,665926,337,13,28.5,108.1,85.2,89.6,83.5,413,147,382,90,26.7,18,5.3,3.9
García, Luis,671277,335,4.1,32.2,109.9,88.3,93.1,85.2,430,139,386,124,37,20,6,4.9
De La Cruz, Bryan,650559,334,10.3,42.8,111,90.6,94.3,87,428,172,397,148,44.3,28,8.4,5.8
Tatis Jr., Fernando,665487,334,10.7,33.2,113.4,92.3,96.6,88.9,444,166,408,169,50.6,38,11.4,8.2
Santander, Anthony,623993,330,21,33.6,113,90.6,95.1,89.1,428,187,404,152,46.1,34,10.3,6.9
Torkelson, Spencer,679529,329,17.6,35.3,112.7,92.5,96.1,89.8,440,190,406,172,52.6,47,14.3,9.3
Reynolds, Bryan,668804,329,12.3,37.4,112.6,91.3,94.4,88,428,173,405,161,48.9,39,11.9,8.4
Carroll, Corbin,682998,328,10.9,30.8,113.8,90.2,93.9,88.2,446,159,399,132,40.2,26,7.9,5.4
Profar, Jurickson,595777,326,14.1,37.7,108,86.7,89.5,85.5,417,164,393,104,31.9,13,4,2.8
Díaz, Yandy,650490,326,6.4,30.1,114.5,93.9,95.2,93.8,440,150,405,174,53.4,28,8.6,6.1
Vaughn, Andrew,683734,325,12.7,31.4,111.7,91.1,95.4,88.4,427,167,395,151,46.5,30,9.2,6.5
Soto, Juan,665742,324,5.6,26.9,115.3,93.1,99.1,89,463,151,418,185,57.1,41,12.7,7.7
Abreu, José,547989,323,10.3,32.2,111.7,88.9,92.3,86.6,452,155,400,129,39.9,22,6.8,4.7
Abrams, CJ,682928,323,13.2,33.4,112.5,86.8,92,83.8,414,154,396,110,34.1,22,6.8,5
Renfroe, Hunter,592669,322,15.5,30.4,113.2,88.7,92.4,88.1,430,166,392,126,39.5,20,6.2,4.3
Dubón, Mauricio,643289,322,8.7,34.8,107,86.8,88.9,86.1,409,148,391,92,28.6,12,3.7,3.1
Olson, Matt,621566,322,17.4,31.7,118.6,94.9,98.2,91.1,464,204,414,186,57.8,60,18.6,11.2
Peña, Jeremy,665161,322,5.5,32.9,111.6,88,91.2,86.4,432,136,388,118,36.6,15,4.7,3.2
Ohtani, Shohei,660271,321,13.3,35.2,118.3,94.9,99.5,90.5,493,187,422,177,55.3,64,19.9,12
García, Adolis,666969,319,14.9,36.4,115.1,91.9,95.6,88,448,194,405,157,49.2,51,16,10
Perez, Salvador,521692,319,16,37.6,113.1,90.4,94.2,87.4,462,189,407,145,45.5,32,10,7.1
Alonso, Pete,624413,319,16.4,32.3,115.7,89.3,94.8,85.2,453,182,408,132,41.4,48,15,10
Candelario, Jeimer,600869,318,14.4,37.1,111.3,88.4,92.8,85.3,443,176,399,117,36.8,23,7.2,4.9
Báez, Javier,595879,316,7.7,27.2,113.1,87.9,93.1,84.6,434,139,393,122,39,12,3.8,2.7
Hernández, Teoscar,606192,315,12.4,34.9,112.6,90.6,96.7,84,437,176,407,150,47.6,44,14,8.8
Correa, Carlos,621043,313,10.3,30.7,113.9,89.9,95.1,87.2,425,159,394,140,44.7,31,9.9,6.7
Kim, Ha-Seong,673490,311,14.8,37.3,108.5,86.9,91.1,84.5,425,169,386,93,29.9,16,5.1,3.4
Soler, Jorge,624585,311,17.8,35,114.8,90.8,96,85.4,468,193,410,145,46.6,46,14.8,9.4
Arozarena, Randy,668227,309,11.4,32.4,114.3,92.4,96.2,89.9,436,169,399,153,49.5,39,12.6,7.8
India, Jonathan,663697,309,14.6,35.9,111.4,89.4,93.3,86.7,430,170,391,119,38.5,23,7.4,5.1
Naylor, Josh,647304,308,13.8,37,112.1,89,94.1,85.8,442,174,396,129,41.9,27,8.8,6.9
Happ, Ian,664023,307,12.6,36.5,112.6,89.5,94,85.2,429,163,401,117,38.1,28,9.1,5.5
Bell, Josh,605137,307,9.1,32.2,114,89.9,93.3,87.5,464,158,401,130,42.3,32,10.4,7
Varsho, Daulton,662139,305,19.8,33.4,112.5,87.8,93.1,83.2,446,170,399,113,37,22,7.2,4.9
Tovar, Ezequiel,678662,304,13,37.8,109.4,88.4,92.1,85.3,447,175,409,115,37.8,25,8.2,5.6
Crawford, J.P.,641487,303,14.2,35,110.1,89,90.9,89.7,420,164,382,114,37.6,12,4,2.6
Robert Jr., Luis,673357,301,16.5,37.9,113.6,88.5,93.6,84.2,450,187,405,124,41.2,45,15,9.4
Taveras, Leody,665750,300,10.2,36,112.2,90.1,91.8,89.1,436,166,404,126,42,20,6.7,4.9
Straw, Myles,664702,300,9.9,33.7,106.2,86.8,87.7,87.1,385,144,380,74,24.7,2,0.7,0.5
Contreras, William,661388,300,3.7,28.3,113.5,90.8,96.5,87.3,440,140,407,144,48,28,9.3,6.5
Suárez, Eugenio,553993,296,19.1,36.5,110.2,90.6,94,86.6,434,198,402,132,44.6,38,12.8,7.3
Hays, Austin,669720,295,10.6,31.9,111,89.6,92.6,87.8,439,164,406,115,39,27,9.2,6.4
Jung, Josh,673962,294,15.4,43.2,110,92.1,95,88.7,444,199,401,144,49,36,12.2,7.8
Swanson, Dansby,621020,294,12.3,36.7,109,89.5,95.9,83.8,429,169,391,121,41.2,38,12.9,8.3
Friedl, TJ,670770,293,16.2,31.7,105.4,86.5,88.3,86.6,406,156,382,78,26.6,7,2.4,1.8
Melendez, MJ,669004,293,17.8,33.4,113.2,93.6,95.8,90.9,445,201,409,151,51.5,36,12.3,7.7
Adames, Willy,642715,292,18.2,35.6,109.8,86.7,93.4,79.6,429,184,398,103,35.3,36,12.3,7.6
Frazier, Adam,624428,291,14.3,40.2,106.7,86,88.8,84.3,413,170,381,73,25.1,10,3.4,2.7
Ruiz, Esteury,665923,291,9.8,32.6,109.5,82.9,86.5,80.8,412,131,397,57,19.6,5,1.7,1.2
Chapman, Matt,656305,291,16.8,33.3,114.3,93.7,98.2,89.9,423,186,389,169,58.1,51,17.5,10.5
Hernández, Enrique,571771,290,16.5,28.6,109.2,88.2,90.9,87.6,431,165,394,103,35.5,12,4.1,3.1
Díaz, Elias,553869,287,12.7,30.3,111.7,88.1,92.1,87,453,160,421,116,40.4,19,6.6,4.7
Bellinger, Cody,641355,285,18,38.6,109.2,87.1,91,82.8,422,186,397,89,31.2,18,6.3,4.8
Anderson, Tim,641313,285,1.2,30.5,109.6,87.8,92.5,85.5,429,113,429,113,39.6,9,3.2,2.3
Schwarber, Kyle,656941,284,18.5,33.5,114.4,91.6,96.1,88.6,450,186,400,132,46.5,41,14.4,7.6
Smith, Will,669257,284,15.3,38.7,110.8,89,92.4,86.5,417,179,387,114,40.1,19,6.7,4.6
McMahon, Ryan,641857,283,8.8,36.4,113.2,91.2,95.6,86.5,461,169,418,129,45.6,34,12,7
Brennan, Will,686823,282,9.2,37.9,106.9,85.1,90.2,82.2,406,152,384,81,28.7,8,2.8,2.3
Ward, Taylor,621493,282,14.3,34,111.4,90.7,93.1,88.8,417,178,395,123,43.9,23,8.2,5.6
Paredes, Isaac,670623,280,21.8,30.7,107.3,87.3,91.4,84.4,414,183,378,81,28.9,18,6.4,4.3
Arcia, Orlando,606115,280,6.1,32.1,109.4,89.2,93.5,86.9,426,147,409,122,43.6,21,7.5,5.5
Volpe, Anthony,683011,280,14,36.8,108.7,88.9,93.5,84.2,419,172,384,121,43.2,25,8.9,5.6
Edman, Tommy,669242,279,8.2,30.1,111.2,89.4,92.7,87.8,424,150,391,111,39.8,14,5,3.8
Rizzo, Anthony,519203,277,17.8,41.2,110.6,90,92.3,87.8,424,186,377,104,37.5,19,6.9,4.5
Ozuna, Marcell,542303,277,14.5,31.4,115.3,91.7,96.4,86.6,452,177,408,134,48.4,43,15.5,10.3
Donovan, Brendan,680977,276,10.6,37.3,109.1,89.3,93.5,86.3,416,157,394,112,40.6,16,5.8,4.3
Vierling, Matt,663837,276,7.7,30.1,113,89.2,91.4,89.3,430,141,415,115,42,10,3.6,2.7
Harris II, Michael,671739,274,7,32.8,113.9,90.5,94.9,89,453,146,413,126,46,24,8.8,6.5
Hayes, Ke'Bryan,663647,272,13.3,35.3,113.1,92.7,94.6,92.1,440,175,402,134,49.3,20,7.4,5.5
Heim, Jonah,641680,272,18.4,36.4,110.3,89.3,92.5,87.2,433,187,404,103,37.9,23,8.5,6.3
McKinstry, Zach,656716,271,17.7,36.5,108.3,86.7,88.7,84.6,410,184,381,89,33,21,7.7,5.4
Henderson, Gunnar,683002,269,10.7,32.3,113.8,92.3,94.8,89.7,462,170,401,142,52.8,29,10.8,6.6
Realmuto, J.T.,592663,269,16,36.4,110.6,89.2,95.6,85,448,177,397,112,41.6,31,11.5,7.5
LeMahieu, DJ,518934,268,4,31.3,111.2,90.1,93.2,88.9,406,133,380,119,44.4,14,5.2,3.5
Kemp, Tony,643393,267,10.1,29.2,103,86.9,90.5,84.7,405,146,379,54,20.2,3,1.1,0.9
Perdomo, Geraldo,672695,266,16,36.1,104.9,85.5,88.2,83.6,413,158,385,55,20.7,3,1.1,0.8
Conforto, Michael,624424,265,11.4,32.1,109.7,89,93.4,85.9,429,163,394,106,40,20,7.5,4.9
Call, Alex,669743,265,16.3,29.8,108.5,86.4,90.4,83.9,428,162,400,77,29.1,13,4.9,3.4
Suzuki, Seiya,673548,264,11.4,34.5,114.6,91.5,93.6,91,423,165,395,127,48.1,24,9.1,5.9
Garcia, Maikel,672580,264,5.3,37.1,110,91.5,95.1,89.2,414,148,391,132,50,13,4.9,3.5
Rosario, Eddie,592696,262,15.4,37,110.4,89.2,93.4,84.8,443,176,398,96,36.6,27,10.3,7
Rengifo, Luis,650859,258,10.3,28.7,109.1,88.7,92.8,85.9,427,154,392,92,36.2,17,6.6,4.6
Seager, Corey,608369,257,12.2,41.6,113.6,94.2,97.7,89.9,437,193,407,146,56.8,50,19.5,14.2
Nootbaar, Lars,663457,257,5.6,30.7,112.2,89.1,95.6,84.6,449,146,408,98,38.1,23,8.9,5.9
Mountcastle, Ryan,663624,255,12.7,36.9,113.1,92.1,96,88.7,472,181,418,122,47.8,36,14.1,9.8
Contreras, Willson,575929,255,10.8,34.5,117.5,91.9,96.3,89.2,461,157,407,120,47.1,30,11.8,7.5
Segura, Jean,516416,255,2.9,22.4,114,88,91.4,87.5,424,112,408,99,38.8,9,3.5,2.8
Wade Jr., LaMonte,664774,255,15.6,34.1,111.5,88,92.6,83,474,170,399,104,40.8,26,10.2,6.4
Stephenson, Tyler,663886,255,9.1,34.1,111.1,88.5,94,83.4,405,155,373,106,41.7,18,7.1,4.4
Davis, J.D.,605204,255,7.7,34.5,111.3,91.4,94.8,89.6,441,150,397,119,46.7,25,9.8,5.8
Rojas, Miguel,500743,255,12,36.1,108.7,87.8,90.1,87.5,391,159,387,87,34.1,8,3.1,2.5
Berti, Jon,542932,254,4,29.5,110.7,86.1,92.1,83.2,417,138,404,82,32.3,10,3.9,3
McCutchen, Andrew,457705,254,12.5,35.4,109.8,89.5,93.9,84.5,442,172,384,110,43.3,17,6.7,4.1
Canha, Mark,592192,254,12.3,31.9,109.2,88.3,91.9,87,414,156,385,97,38.2,13,5.1,3.7
Jiménez, Eloy,650391,252,5.5,26.6,113.5,91.2,95,90.5,434,144,404,122,48.4,25,9.9,7.3
Raleigh, Cal,663728,252,19.9,35.7,113.7,89.6,94.9,84.6,450,184,397,102,40.5,34,13.5,8.3
Grisham, Trent,663757,252,19.4,32.1,112.3,91,96.6,85.5,424,182,401,107,42.5,36,14.3,8.2
Peralta, David,444482,249,9.1,31.7,111.5,90.4,93,89,415,154,403,116,46.6,15,6,4.7
Estrada, Thairo,642731,248,11.2,36.3,110.5,86,90.7,81.9,441,165,402,86,34.7,13,5.2,3.6
Marte, Starling,516782,248,6.3,30.6,110.9,88.2,92.7,84.5,423,145,413,98,39.5,14,5.6,4.1
Casas, Triston,671213,245,15.7,35.9,113.2,91.6,96,86.1,442,186,409,115,46.9,36,14.7,9
Lowe, Josh,666139,244,14.9,35.2,113.3,88.8,92.7,85.5,455,177,412,95,38.9,27,11.1,7.5
Ramírez, Harold,623912,241,7.1,29,111.3,89.4,91,88.6,441,139,398,99,41.1,11,4.6,3.4
Kirk, Alejandro,672386,240,5.9,31.7,107.7,87.2,91.3,85.1,407,147,387,86,35.8,12,5,3.9
Drury, Brandon,592273,239,12.5,33.5,112.5,90.1,93.8,87.5,441,170,399,110,46,25,10.5,7.1
Kepler, Max,596146,238,13.2,36.6,111,91.6,94.1,89.4,440,188,409,108,45.4,31,13,9
Flores, Wilmer,527038,238,24.7,36.6,108.7,86.1,90.3,84.5,410,195,391,75,31.5,17,7.1,5.5
Duran, Ezequiel,677649,238,15.3,37,115.2,90.5,93.7,88.2,443,176,414,107,45,24,10.1,6.6
Harper, Bryce,547180,238,8.8,36.6,113.7,91.6,96.2,87.9,445,161,414,106,44.5,33,13.9,8.8
Massey, Michael,686681,238,19.1,39.5,110.3,90,92.8,87.7,417,189,398,101,42.4,20,8.4,6
Burger, Jake,669394,236,11.9,32.6,118.2,92.2,97.9,89.5,461,166,401,119,50.4,43,18.2,11.3
Duran, Jarren,680776,235,11,31.9,112.6,90,93.6,87.4,434,161,391,111,47.2,13,5.5,3.7
Wiemer, Joey,686894,234,11.7,29.1,112.8,89.4,93.8,86.6,432,163,401,92,39.3,23,9.8,6.1
Olivares, Edward,658668,234,12.5,32.5,111,86.9,91.8,84.7,452,158,417,87,37.2,16,6.8,5.2
Martinez, J.D.,502110,233,18.3,41.6,112.1,93.1,96.9,87.7,438,209,400,128,54.9,41,17.6,10.7
Gorman, Nolan,669357,233,22,39.5,112.3,91.1,95.6,85,446,204,410,112,48.1,37,15.9,9.1
Muncy, Max,571970,232,22.3,30.2,111.1,90.7,96.6,83.4,435,193,396,109,47,38,16.4,9.2
Miller, Owen,680911,232,12.8,34.5,107.5,86.3,89.4,83.4,416,167,403,72,31,8,3.4,2.6
Grandal, Yasmani,518735,232,10.4,33.2,110.4,88.1,91.7,85.4,428,163,398,80,34.5,13,5.6,3.8
Langeliers, Shea,669127,231,20.3,27.7,112.2,89.8,95.5,86,440,160,411,98,42.4,24,10.4,6.4
Fraley, Jake,641584,231,15.8,37.7,111.7,85.1,89.1,82.8,419,171,384,74,32,16,6.9,4.9
Grichuk, Randal,545341,230,15.5,34.3,111.2,89.6,92.4,88.1,445,168,412,98,42.6,15,6.5,4.7
Greene, Riley,682985,228,7,39,114.4,92.1,96.9,86.8,453,162,403,112,49.6,28,12.3,7.9
Peterson, Jace,607054,227,14.7,33.5,110.1,85.9,91,81.1,422,165,399,67,29.5,12,5.3,3.4
McLain, Matt,680574,226,13.5,38.9,109.9,89.1,94,83.9,428,182,394,94,41.6,23,10.2,6.4
Outman, James,681546,225,15.8,35.6,111.4,88,92.3,83.4,436,175,399,93,41.3,23,10.2,5.6
Andrus, Elvis,462101,225,6,31.1,109.4,87.3,89.2,86.6,407,136,384,65,28.9,5,2.2,1.7
Burleson, Alec,676475,225,11.8,36,110.6,90.2,93.9,86.6,427,166,387,91,40.4,13,5.8,4.7
Cooper, Garrett,643265,224,12.6,42.4,110.9,89.4,93.8,84,439,177,403,94,42,25,11.2,7.2
Turang, Brice,668930,223,13.4,39,106.7,86.9,91.1,83,417,170,406,65,29.1,8,3.6,2.5
Gurriel, Yuli,493329,220,17.4,35,107.9,88.6,90.9,88.9,385,168,365,78,35.5,3,1.4,1.1
Kiner-Falefa, Isiah,643396,220,7,33.2,107.3,88.4,90.5,87.1,404,141,376,80,36.4,8,3.6,2.7
Rooker, Brent,667670,219,16.3,35.2,112.6,91,94.8,86.7,462,191,405,103,47,31,14.2,8.1
DeJong, Paul,657557,219,17.3,34.7,107.6,85.3,90.7,80.6,433,169,401,74,33.8,16,7.3,4.6
Murphy, Sean,669221,217,14.1,40.1,114.7,91.9,96.8,87.2,459,188,410,101,46.8,38,17.5,10.9
Gomes, Yan,543228,216,16.1,36.1,109.7,87.1,91.4,83.4,413,175,391,74,34.3,17,7.9,5.7
Julks, Corey,667452,215,17.6,35.8,111.2,87.7,90.5,87.4,424,174,402,76,35.3,10,4.7,3.2
Walker, Jordan,691023,215,8.3,30.7,114.3,91.2,93.8,89.7,444,160,399,99,46,16,7.4,5.1
Alvarez, Francisco,682626,214,11.5,28,114.1,90.2,95.1,87.5,467,164,409,94,43.9,27,12.6,8.4
Pham, Tommy,502054,214,6.9,35.5,113.7,92.6,94.8,90.7,433,164,402,102,47.7,26,12.1,8.3
Mullins, Cedric,656775,212,22.8,26.9,110.5,89.3,92.1,89.3,418,170,381,79,37.3,13,6.1,4.2
Diaz, Yainer,673237,211,12.7,36,110.9,91,94.8,87.5,428,180,399,96,45.5,29,13.7,10.7
Bader, Harrison,664056,211,17.3,32.2,110.2,86,89.4,85.7,436,164,394,68,32.2,11,5.2,4.1
Kelenic, Jarred,672284,210,9.8,37.1,112,91.6,96,86.8,482,169,406,104,49.5,23,11,6.4
Margot, Manuel,622534,209,10,26.3,111.5,87.8,91.1,87.4,427,141,410,82,39.2,9,4.3,3.2
Kiermaier, Kevin,595281,209,7,31.1,107.8,86.7,88,87.1,407,131,393,70,33.5,8,3.8,2.7
Solano, Donovan,456781,209,12.8,44,109.8,90.8,92.8,89.3,420,177,397,91,43.5,13,6.2,4
Marsh, Brandon,669016,208,12.1,37,110.6,91.2,95,87.2,436,172,410,100,48.1,17,8.2,4.7
Joe, Connor,656582,208,16.4,38.9,111.4,89,92.8,88.5,419,173,402,87,41.8,19,9.1,5.6
Anderson, Brian,605119,206,9.5,34,110.3,87.4,93.6,83,421,155,400,75,36.4,22,10.7,6.3
Alvarez, Yordan,670541,206,17.1,34,116,92.8,96.8,87.8,452,195,404,108,52.4,36,17.5,11.1
Grossman, Robbie,543257,205,19.8,32.2,109,88.6,92.7,84.3,414,189,386,77,37.6,14,6.8,4.4
McCarthy, Jake,664983,204,6.9,30.9,108.5,85.6,90.4,82.9,412,136,405,50,24.5,5,2.5,1.7
Urías, Ramón,602104,204,9.7,31.9,109.5,89.5,92.6,87.4,416,147,393,80,39.2,18,8.8,5.8
Trout, Mike,545361,203,19.2,38.4,114.3,92.1,96,90.5,461,198,416,107,52.7,33,16.3,9.2
Castro, Willi,650489,203,14.4,37.9,114.2,86.7,91,83.4,440,169,418,68,33.5,14,6.9,4.4
Mateo, Jorge,622761,202,9.8,26.7,112.4,88,93,84.3,433,151,404,76,37.6,12,5.9,4.1
Díaz, Aledmys,649557,201,9.4,26.9,108.2,88.3,90.9,88.5,383,139,370,70,34.8,5,2.5,1.8
Pasquantino, Vinnie,686469,201,17.4,37.8,109.8,89.3,92.1,88.5,424,182,395,81,40.3,15,7.5,5.8
Ibáñez, Andy,628451,201,12.7,33.8,108,89.7,92.8,88.4,427,173,407,89,44.3,20,10,7.5
Vargas, Miguel,678246,200,16.6,32,109,86.8,91.6,82.7,425,176,401,63,31.5,12,6,3.9
Buxton, Byron,621439,199,20.1,33.2,116.9,91.5,97.3,83.1,466,192,406,91,45.7,29,14.6,8.4
Newman, Kevin,621028,198,12,34.8,105.7,86.5,89.7,84,405,159,382,58,29.3,5,2.5,2
Carpenter, Kerry,681481,198,14.2,36.4,109.3,90.3,95,85.6,434,181,388,86,43.9,22,11.1,7.7
Pederson, Joc,592626,197,14.1,32,116.6,91.7,96.1,88.1,432,181,399,102,51.8,25,12.7,8.2
Suwinski, Jack,669261,197,23.6,34,114.7,91.7,94.9,87.1,461,216,416,94,47.7,36,18.3,9.2
Moustakas, Mike,519058,196,16,28.1,112.9,89.2,93,87.4,454,176,412,82,42.7,14,7.1,4.8
Meyers, Jake,676694,195,12.3,35.4,108.3,86,91.6,80.4,423,160,393,56,28.7,13,6.7,4.3
Bryant, Kris,592178,195,14.2,34.9,108.8,86,91.2,79.5,448,177,412,61,31.3,10,5.1,3.6
Baty, Brett,683146,193,5.9,32.6,113.7,89.9,95.6,85.8,430,147,406,86,44.6,14,7.3,4.5
Lowe, Brandon,664040,193,16.7,31.6,108.4,90.7,94.4,87.7,431,179,398,87,45.1,22,11.4,6.8
Tellez, Rowdy,642133,192,15.7,35.9,114.8,89.3,92.5,87.7,429,184,397,74,38.5,16,8.3,5.6
Cron, C.J.,543068,192,12.8,32.3,114.5,87.8,95,81.6,479,167,411,78,40.6,27,14.1,9.9
Fortes, Nick,663743,192,13.6,30.7,108.5,88.2,92.2,86.4,426,160,408,66,34.4,8,4.2,3.1
Raley, Luke,670042,191,18.2,29.8,114.3,91.3,94.4,89.9,450,168,403,87,45.5,27,14.1,8.3
Thomas, Alek,677950,189,2.1,29.6,110.9,88.2,92.3,86,432,128,393,74,39.2,11,5.8,4.2
Blackmon, Charlie,453568,189,19.2,40.2,107.9,85.9,90.5,81.6,463,185,410,57,30.2,11,5.8,4.4
Bethancourt, Christian,542194,188,11.1,26.6,109.2,88.8,93.9,86.5,431,149,410,76,40.4,16,8.5,5.9
Taylor, Michael A.,572191,188,12.1,29.3,113.1,87.2,93.8,82,444,157,404,68,36.2,24,12.8,7.6
Vázquez, Christian,543877,188,9.4,37.8,106.6,86.8,90.9,83.1,412,160,401,64,34,6,3.2,2.3
Stanton, Giancarlo,519317,187,13.3,27.8,118.3,92.8,96.8,90.7,485,171,412,89,47.6,30,16,10.3
Moreno, Gabriel,672515,186,4.2,31.7,109.7,89.9,92.8,88.3,417,135,381,73,39.2,9,4.8,3.5
McCormick, Chas,676801,186,17.3,40.3,109.4,88.8,93.1,82.8,435,194,390,72,38.7,23,12.4,7.3
Haase, Eric,606992,186,14.1,29.6,109.9,87.2,92.3,84.8,427,158,388,68,36.6,9,4.8,3.2
Senzel, Nick,669222,185,15.2,28.6,108.8,87,91.3,84.7,429,158,391,61,33,8,4.3,3
Sánchez, Jesús,660821,185,5.1,36.2,112.8,91.1,95.6,88.7,461,144,418,89,48.1,21,11.4,7.5
Heyward, Jason,518792,184,15.7,34.2,112.7,88.2,92.6,87.5,414,166,393,71,38.6,16,8.7,5.9
Jansen, Danny,643376,183,19.4,36.6,109,88.1,93.5,81.7,427,191,387,66,36.1,20,10.9,7.5
Cabrera, Miguel,408234,183,5.7,32.8,111.5,89.3,92.6,87.3,438,135,422,65,35.5,8,4.4,3.1
Farmer, Kyle,571657,182,13.9,37.9,105.5,87.8,93.3,82.7,433,165,401,64,35.2,13,7.1,4.8
Wendle, Joey,621563,182,3.2,33,106.5,88.8,92.2,86.8,406,138,351,71,39,5,2.7,2
Urshela, Gio,570482,181,8.6,34.8,106.1,87.5,90.1,85.1,402,152,394,61,33.7,7,3.9,3.1
Yastrzemski, Mike,573262,181,18.2,34.8,110.1,90.7,94.6,86.9,418,191,392,85,47,18,9.9,6.3
Morel, Christopher,666624,180,12.8,27.8,113.6,91.8,96.7,89.1,461,174,408,89,49.4,27,15,8.6
Tauchman, Mike,643565,179,7.4,39.1,109.4,88.3,92.8,83.9,410,159,388,70,39.1,12,6.7,4.4
Sheets, Gavin,657757,179,16,28.5,109.5,89.3,93.6,88.1,423,168,400,66,36.9,11,6.1,4.4
Isbel, Kyle,664728,178,14.1,32,107.9,89.2,92.7,87.6,418,169,405,70,39.3,9,5.1,3.9
Bleday, JJ,668709,178,15.6,29.2,108.8,88.7,93.8,85,434,165,397,63,35.4,11,6.2,3.9
Madrigal, Nick,663611,178,3.7,31.5,106.9,86.1,88.7,85.2,390,123,376,48,27,2,1.1,0.9
Maton, Nick,665155,177,18,32.2,106.1,86,90.6,80.4,408,184,393,55,31.3,15,8.5,5.2
Wong, Connor,657136,177,15.3,35,113.6,89.7,94.4,86.5,427,167,394,68,38.4,15,8.5,4.9
Maldonado, Martín,455117,176,17.8,31.3,108.7,88.5,92.9,84.6,438,162,397,70,39.8,16,9.1,5.2
Castro, Harold,605612,174,10.5,38.5,106.1,85.9,91.3,79.9,413,166,388,51,29.3,6,3.4,2.5
Crawford, Brandon,543063,174,13.2,31.6,110.4,89.4,92.7,86.9,420,160,394,69,39.7,17,9.8,6.4
Siri, Jose,642350,173,13.5,32.9,113.7,88.7,93.2,83.1,457,183,403,69,39.9,24,13.9,8.1
Neto, Zach,687263,173,12.7,34.1,109.9,89.4,94.9,83.5,436,169,403,70,40.5,17,9.8,6.7
Carlson, Dylan,666185,173,15,34.1,109.1,89.3,92.2,87.2,445,168,405,65,37.6,10,5.8,3.9
Marcano, Tucupita,672779,172,14.4,32,105.5,88.3,92.7,84.1,419,164,403,60,34.9,9,5.2,4.1
Rivera, Emmanuel,656896,172,10.5,39,109.3,91.1,94.8,87.4,418,168,393,84,48.8,12,7,5
Walls, Taylor,670764,171,20.1,32.2,104.8,86.7,89.5,83.4,404,180,377,48,28.1,6,3.5,2.2
Bailey, Patrick,672275,171,12.1,39.2,108.5,89.3,92.3,86,432,167,395,69,40.4,19,11.1,7.5
Laureano, Ramón,657656,171,13.7,37.4,110.9,88.3,90.2,87.1,440,162,416,57,33.3,17,9.9,6.2
O'Hearn, Ryan,656811,171,15.3,37.4,109.7,92.2,96.6,87.2,406,185,375,92,53.8,18,10.5,7.5
Thaiss, Matt,642136,169,9.2,35.5,110,89,94.4,83.4,450,167,418,69,40.8,18,10.7,6.4
Jankowski, Travis,608671,169,6.7,29.6,108.7,85.3,85,87.1,388,137,378,46,27.2,0,0,0
Brown, Seth,664913,168,16.3,32.7,113.3,90.6,95,85.8,437,195,399,80,47.6,23,13.7,8.7
Rojas, Josh,668942,165,11.2,36.4,105.7,86.8,89,84.8,402,162,380,43,26.1,6,3.6,2.4
Belt, Brandon,474832,165,19.5,44.2,109.9,88.7,93.8,79.4,427,200,401,66,40,21,12.7,6.2
Baddoo, Akil,668731,165,9.4,29.1,111.7,88,91.4,86.3,429,154,402,58,35.8,9,5.5,3.5
Doyle, Brenton,686668,163,11.9,29.4,111,88.2,93.7,83.4,441,157,403,60,36.8,16,9.8,5.5
Sabol, Blake,666165,163,15.9,31.9,111.6,89.6,95.6,85.5,436,164,405,65,39.9,19,11.7,6.7
Escobar, Eduardo,500871,161,14.7,31.1,108.9,86.3,90,83.4,404,159,369,48,30.6,7,4.3,3.1
Bae, Ji Hwan,678225,161,3.6,24.2,107.7,87.7,92.1,84.8,403,117,381,56,34.8,4,2.5,1.7
Moniak, Mickey,666160,161,21.4,40.4,110.5,88.8,92.8,85.4,429,204,401,60,38.2,22,13.7,8.4
Noda, Ryan,676116,160,18.2,41.3,113.9,90.8,95.9,84,427,199,392,72,45,23,14.4,6.7
Vogelbach, Daniel,596129,160,12.8,30,112.6,91.6,95.6,88.8,411,161,395,79,49.4,13,8.1,5
Mancini, Trey,641820,160,12.3,32.5,109.1,88.9,92.4,87.9,419,151,398,65,40.6,6,3.8,2.3
Sosa, Edmundo,624641,159,14,31.4,111.8,86.4,91.1,83.6,421,153,388,46,28.9,9,5.7,4
Allen, Nick,669397,159,6.6,27.7,103.9,84.9,89.2,83.2,395,128,377,42,26.4,3,1.9,1.4
Altuve, Jose,514888,159,11.7,30.8,109.6,87.4,93.4,84,421,141,397,50,31.4,12,7.5,5.2
Kirilloff, Alex,666135,158,12.7,43,107.8,88.5,92.5,82.7,422,178,382,57,36.1,11,7,4.3
Cabrera, Oswaldo,665828,158,13.2,25.3,106.8,88.1,92.7,86.5,404,140,362,55,34.8,7,4.4,3.1
De La Cruz, Elly,682829,157,4.6,31.8,116.6,91,95.2,87.9,458,140,417,73,46.5,12,7.6,4.5
Vargas, Ildemaro,545121,155,3.8,25.8,108.1,87.9,91.2,86.7,407,127,394,50,32.3,6,3.9,3.4
Judge, Aaron,592450,155,20.4,39.4,116.9,97.3,100.5,92.9,464,228,411,99,63.9,43,27.7,14.9
Taylor, Chris,621035,154,22.8,34.4,110.8,86.2,92.2,76.2,430,197,410,56,36.4,17,11,6.2
Arroyo, Christian,624414,153,11.1,35.9,109.6,86.3,88.9,85.8,404,156,390,50,32.7,7,4.6,3.4
Pratto, Nick,668472,152,13.1,43.4,107.6,88,93.9,81.8,438,182,387,65,42.8,14,9.2,4.7
Schmitt, Casey,669477,152,14.2,30.9,111.6,87,89.6,86.2,443,151,432,49,32.2,8,5.3,3.7
Rogers, Jake,668670,151,14.5,39.7,109.1,90.4,95.8,83.2,414,188,399,72,48,19,12.6,7.2
Wong, Kolten,543939,150,13.5,28.7,107.9,85.8,89,84.5,387,148,371,40,26.7,2,1.3,0.9